{
  "announcements" : [
      {"id" : 1, "title" : "waddup bitch", "body" : "damn son i saw thisd nigga pooping in THE TOILET Lol how??? there is grass bro, btw : \n  Lorem ipsum dolor, sit amet consectetur adipisicing elit. Minima numquam corrupti illo consequuntur aliquid deleniti quasi maxime est perferendis. Officia nobis quibusdam tenetur sapiente ex maiores nesciunt laudantium dolorem, ipsum tempora quasi fugit natus quos exercitationem placeat praesentium repellat nostrum voluptatem. Nemo quam asperiores consequuntur quia atque praesentium quaerat accusantium laudantium esse nostrum iste animi vero ipsum, eveniet expedita quibusdam fugiat voluptatem culpa amet tenetur, veniam ratione velit deserunt. Cupiditate iusto quibusdam esse numquam cumque, vel, commodi veniam officiis suscipit excepturi reiciendis accusamus ipsum? Optio blanditiis iste molestiae at dolorem repellendus, error asperiores incidunt expedita ipsa consectetur eius. Enim, dolore.      ",
        "user" : {
          "name" : "Miloudi Mohamed",
          "avatar" : "https://cdn.discordapp.com/avatars/161803619463593984/ff65d01da058a61ebaff274e658c6bb1.webp"
        },
      "files" : [
        {
          "name" : "jpegmaster",
          "link" : "https://cdn.discordapp.com/avatars/161803619463593984/ff65d01da058a61ebaff274e658c6bb1.webp"
        }
      ],
      "tags" : ["Important", "Lost & Found", "Poopoo"],
      "date" : 1651695650004
    },
    {"id" : 1, "title" : "waddup bitch", "body" : "damn son i saw thisd nigga pooping in THE TOILET Lol how??? there is grass bro, btw : \n  Lorem ipsum dolor, sit amet consectetur adipisicing elit. Minima numquam corrupti illo consequuntur aliquid deleniti quasi maxime est perferendis. Officia nobis quibusdam tenetur sapiente ex maiores nesciunt laudantium dolorem, ipsum tempora quasi fugit natus quos exercitationem placeat praesentium repellat nostrum voluptatem. Nemo quam asperiores consequuntur quia atque praesentium quaerat accusantium laudantium esse nostrum iste animi vero ipsum, eveniet expedita quibusdam fugiat voluptatem culpa amet tenetur, veniam ratione velit deserunt. Cupiditate iusto quibusdam esse numquam cumque, vel, commodi veniam officiis suscipit excepturi reiciendis accusamus ipsum? Optio blanditiis iste molestiae at dolorem repellendus, error asperiores incidunt expedita ipsa consectetur eius. Enim, dolore.      ",
      "user" : {
        "name" : "Miloudi Mohamed",
        "avatar" : "https://cdn.discordapp.com/avatars/161803619463593984/ff65d01da058a61ebaff274e658c6bb1.webp"
      },
    "files" : [
      {
        "name" : "jpegmaster",
        "link" : "https://cdn.discordapp.com/avatars/161803619463593984/ff65d01da058a61ebaff274e658c6bb1.webp"
      }
    ],
    "tags" : ["Important", "Lost & Found", "Poopoo"],
    "date" : 1651695650004
  },
  {"id" : 1, "title" : "waddup bitch", "body" : "damn son i saw thisd nigga pooping in THE TOILET Lol how??? there is grass bro, btw : \n  Lorem ipsum dolor, sit amet consectetur adipisicing elit. Minima numquam corrupti illo consequuntur aliquid deleniti quasi maxime est perferendis. Officia nobis quibusdam tenetur sapiente ex maiores nesciunt laudantium dolorem, ipsum tempora quasi fugit natus quos exercitationem placeat praesentium repellat nostrum voluptatem. Nemo quam asperiores consequuntur quia atque praesentium quaerat accusantium laudantium esse nostrum iste animi vero ipsum, eveniet expedita quibusdam fugiat voluptatem culpa amet tenetur, veniam ratione velit deserunt. Cupiditate iusto quibusdam esse numquam cumque, vel, commodi veniam officiis suscipit excepturi reiciendis accusamus ipsum? Optio blanditiis iste molestiae at dolorem repellendus, error asperiores incidunt expedita ipsa consectetur eius. Enim, dolore.      ",
    "user" : {
      "name" : "Miloudi Mohamed",
      "avatar" : "https://cdn.discordapp.com/avatars/161803619463593984/ff65d01da058a61ebaff274e658c6bb1.webp"
    },
  "files" : [
    {
      "name" : "jpegmaster",
      "link" : "https://cdn.discordapp.com/avatars/161803619463593984/ff65d01da058a61ebaff274e658c6bb1.webp"
    }
  ],
  "tags" : ["Important", "Lost & Found", "Poopoo"],
  "date" : 1651695650004
},
{"id" : 1, "title" : "waddup bitch", "body" : "damn son i saw thisd nigga pooping in THE TOILET Lol how??? there is grass bro, btw : \n  Lorem ipsum dolor, sit amet consectetur adipisicing elit. Minima numquam corrupti illo consequuntur aliquid deleniti quasi maxime est perferendis. Officia nobis quibusdam tenetur sapiente ex maiores nesciunt laudantium dolorem, ipsum tempora quasi fugit natus quos exercitationem placeat praesentium repellat nostrum voluptatem. Nemo quam asperiores consequuntur quia atque praesentium quaerat accusantium laudantium esse nostrum iste animi vero ipsum, eveniet expedita quibusdam fugiat voluptatem culpa amet tenetur, veniam ratione velit deserunt. Cupiditate iusto quibusdam esse numquam cumque, vel, commodi veniam officiis suscipit excepturi reiciendis accusamus ipsum? Optio blanditiis iste molestiae at dolorem repellendus, error asperiores incidunt expedita ipsa consectetur eius. Enim, dolore.      ",
  "user" : {
    "name" : "Miloudi Mohamed",
    "avatar" : "https://cdn.discordapp.com/avatars/161803619463593984/ff65d01da058a61ebaff274e658c6bb1.webp"
  },
"files" : [
  {
    "name" : "jpegmaster",
    "link" : "https://cdn.discordapp.com/avatars/161803619463593984/ff65d01da058a61ebaff274e658c6bb1.webp"
  }
],
"tags" : ["Important", "Lost & Found", "Poopoo"],
"date" : 1651695650004
},
{"id" : 1, "title" : "waddup bitch", "body" : "damn son i saw thisd nigga pooping in THE TOILET Lol how??? there is grass bro, btw : \n  Lorem ipsum dolor, sit amet consectetur adipisicing elit. Minima numquam corrupti illo consequuntur aliquid deleniti quasi maxime est perferendis. Officia nobis quibusdam tenetur sapiente ex maiores nesciunt laudantium dolorem, ipsum tempora quasi fugit natus quos exercitationem placeat praesentium repellat nostrum voluptatem. Nemo quam asperiores consequuntur quia atque praesentium quaerat accusantium laudantium esse nostrum iste animi vero ipsum, eveniet expedita quibusdam fugiat voluptatem culpa amet tenetur, veniam ratione velit deserunt. Cupiditate iusto quibusdam esse numquam cumque, vel, commodi veniam officiis suscipit excepturi reiciendis accusamus ipsum? Optio blanditiis iste molestiae at dolorem repellendus, error asperiores incidunt expedita ipsa consectetur eius. Enim, dolore.      ",
  "user" : {
    "name" : "Miloudi Mohamed",
    "avatar" : "https://cdn.discordapp.com/avatars/161803619463593984/ff65d01da058a61ebaff274e658c6bb1.webp"
  },
"files" : [
  {
    "name" : "jpegmaster",
    "link" : "https://cdn.discordapp.com/avatars/161803619463593984/ff65d01da058a61ebaff274e658c6bb1.webp"
  }
],
"tags" : ["Important", "Lost & Found", "Poopoo"],
"date" : 1651695650004
},
{"id" : 1, "title" : "waddup bitch", "body" : "damn son i saw thisd nigga pooping in THE TOILET Lol how??? there is grass bro, btw : \n  Lorem ipsum dolor, sit amet consectetur adipisicing elit. Minima numquam corrupti illo consequuntur aliquid deleniti quasi maxime est perferendis. Officia nobis quibusdam tenetur sapiente ex maiores nesciunt laudantium dolorem, ipsum tempora quasi fugit natus quos exercitationem placeat praesentium repellat nostrum voluptatem. Nemo quam asperiores consequuntur quia atque praesentium quaerat accusantium laudantium esse nostrum iste animi vero ipsum, eveniet expedita quibusdam fugiat voluptatem culpa amet tenetur, veniam ratione velit deserunt. Cupiditate iusto quibusdam esse numquam cumque, vel, commodi veniam officiis suscipit excepturi reiciendis accusamus ipsum? Optio blanditiis iste molestiae at dolorem repellendus, error asperiores incidunt expedita ipsa consectetur eius. Enim, dolore.      ",
  "user" : {
    "name" : "Miloudi Mohamed",
    "avatar" : "https://cdn.discordapp.com/avatars/161803619463593984/ff65d01da058a61ebaff274e658c6bb1.webp"
  },
"files" : [
  {
    "name" : "jpegmaster",
    "link" : "https://cdn.discordapp.com/avatars/161803619463593984/ff65d01da058a61ebaff274e658c6bb1.webp"
  }
],
"tags" : ["Important", "Lost & Found", "Poopoo"],
"date" : 1651695650004
},{"id" : 1, "title" : "waddup bitch", "body" : "damn son i saw thisd nigga pooping in THE TOILET Lol how??? there is grass bro, btw : \n  Lorem ipsum dolor, sit amet consectetur adipisicing elit. Minima numquam corrupti illo consequuntur aliquid deleniti quasi maxime est perferendis. Officia nobis quibusdam tenetur sapiente ex maiores nesciunt laudantium dolorem, ipsum tempora quasi fugit natus quos exercitationem placeat praesentium repellat nostrum voluptatem. Nemo quam asperiores consequuntur quia atque praesentium quaerat accusantium laudantium esse nostrum iste animi vero ipsum, eveniet expedita quibusdam fugiat voluptatem culpa amet tenetur, veniam ratione velit deserunt. Cupiditate iusto quibusdam esse numquam cumque, vel, commodi veniam officiis suscipit excepturi reiciendis accusamus ipsum? Optio blanditiis iste molestiae at dolorem repellendus, error asperiores incidunt expedita ipsa consectetur eius. Enim, dolore.      ",
  "user" : {
    "name" : "Miloudi Mohamed",
    "avatar" : "https://cdn.discordapp.com/avatars/161803619463593984/ff65d01da058a61ebaff274e658c6bb1.webp"
  },
"files" : [
  {
    "name" : "jpegmaster",
    "link" : "https://cdn.discordapp.com/avatars/161803619463593984/ff65d01da058a61ebaff274e658c6bb1.webp"
  }
],
"tags" : ["Important", "Lost & Found", "Poopoo"],
"date" : 1651695650004
},{"id" : 1, "title" : "waddup bitch", "body" : "damn son i saw thisd nigga pooping in THE TOILET Lol how??? there is grass bro, btw : \n  Lorem ipsum dolor, sit amet consectetur adipisicing elit. Minima numquam corrupti illo consequuntur aliquid deleniti quasi maxime est perferendis. Officia nobis quibusdam tenetur sapiente ex maiores nesciunt laudantium dolorem, ipsum tempora quasi fugit natus quos exercitationem placeat praesentium repellat nostrum voluptatem. Nemo quam asperiores consequuntur quia atque praesentium quaerat accusantium laudantium esse nostrum iste animi vero ipsum, eveniet expedita quibusdam fugiat voluptatem culpa amet tenetur, veniam ratione velit deserunt. Cupiditate iusto quibusdam esse numquam cumque, vel, commodi veniam officiis suscipit excepturi reiciendis accusamus ipsum? Optio blanditiis iste molestiae at dolorem repellendus, error asperiores incidunt expedita ipsa consectetur eius. Enim, dolore.      ",
  "user" : {
    "name" : "Miloudi Mohamed",
    "avatar" : "https://cdn.discordapp.com/avatars/161803619463593984/ff65d01da058a61ebaff274e658c6bb1.webp"
  },
"files" : [
  {
    "name" : "jpegmaster",
    "link" : "https://cdn.discordapp.com/avatars/161803619463593984/ff65d01da058a61ebaff274e658c6bb1.webp"
  }
],
"tags" : ["Important", "Lost & Found", "Poopoo"],
"date" : 1651695650004
},{"id" : 1, "title" : "waddup bitch", "body" : "damn son i saw thisd nigga pooping in THE TOILET Lol how??? there is grass bro, btw : \n  Lorem ipsum dolor, sit amet consectetur adipisicing elit. Minima numquam corrupti illo consequuntur aliquid deleniti quasi maxime est perferendis. Officia nobis quibusdam tenetur sapiente ex maiores nesciunt laudantium dolorem, ipsum tempora quasi fugit natus quos exercitationem placeat praesentium repellat nostrum voluptatem. Nemo quam asperiores consequuntur quia atque praesentium quaerat accusantium laudantium esse nostrum iste animi vero ipsum, eveniet expedita quibusdam fugiat voluptatem culpa amet tenetur, veniam ratione velit deserunt. Cupiditate iusto quibusdam esse numquam cumque, vel, commodi veniam officiis suscipit excepturi reiciendis accusamus ipsum? Optio blanditiis iste molestiae at dolorem repellendus, error asperiores incidunt expedita ipsa consectetur eius. Enim, dolore.      ",
  "user" : {
    "name" : "Miloudi Mohamed",
    "avatar" : "https://cdn.discordapp.com/avatars/161803619463593984/ff65d01da058a61ebaff274e658c6bb1.webp"
  },
"files" : [
  {
    "name" : "jpegmaster",
    "link" : "https://cdn.discordapp.com/avatars/161803619463593984/ff65d01da058a61ebaff274e658c6bb1.webp"
  }
],
"tags" : ["Important", "Lost & Found", "Poopoo"],
"date" : 1651695650004
},{"id" : 1, "title" : "waddup bitch", "body" : "damn son i saw thisd nigga pooping in THE TOILET Lol how??? there is grass bro, btw : \n  Lorem ipsum dolor, sit amet consectetur adipisicing elit. Minima numquam corrupti illo consequuntur aliquid deleniti quasi maxime est perferendis. Officia nobis quibusdam tenetur sapiente ex maiores nesciunt laudantium dolorem, ipsum tempora quasi fugit natus quos exercitationem placeat praesentium repellat nostrum voluptatem. Nemo quam asperiores consequuntur quia atque praesentium quaerat accusantium laudantium esse nostrum iste animi vero ipsum, eveniet expedita quibusdam fugiat voluptatem culpa amet tenetur, veniam ratione velit deserunt. Cupiditate iusto quibusdam esse numquam cumque, vel, commodi veniam officiis suscipit excepturi reiciendis accusamus ipsum? Optio blanditiis iste molestiae at dolorem repellendus, error asperiores incidunt expedita ipsa consectetur eius. Enim, dolore.      ",
  "user" : {
    "name" : "Miloudi Mohamed",
    "avatar" : "https://cdn.discordapp.com/avatars/161803619463593984/ff65d01da058a61ebaff274e658c6bb1.webp"
  },
"files" : [
  {
    "name" : "jpegmaster",
    "link" : "https://cdn.discordapp.com/avatars/161803619463593984/ff65d01da058a61ebaff274e658c6bb1.webp"
  }
],
"tags" : ["Important", "Lost & Found", "Poopoo"],
"date" : 1651695650004
}
  ],

  "users" : [
    {
      "id" : 1,
      "name" : "Miloudi Mohamed",
      "email" : "miloudi@mascara.29",
      "createdAt" : 1651792224901,
      "avatar" : "https://cdn.discordapp.com/avatars/161803619463593984/ff65d01da058a61ebaff274e658c6bb1.webp",
      "groups" : [
        {"name" : "Student"},
        {"name" : "2CP"},
        {"name" : "G3"},
        {"name" : "Admin"}
      ]
    }
  ]
}
