[
  {
    "name" : "student",
    "_id" : "1",
    "children" : [
      {
        "name" : "1cpi",
        "_id" : "2",
        "children" : [
        {
          "name" : "g1",
          "_id" : "3"
        },
        {
          "name" : "g2",
          "_id" : "4"
        }
      ]},
      {
        "name" : "2cpi",
        "_id" : "256"
      },
      {
        "name" : "1sc",
        "_id" : "511"
      },
      {
        "name" : "2sc" ,
        "_id" : "12654"
      }
    ]
  },
  {
    "name" : "teacher" ,
    "_id" : "156561"
  },
  {
    "name" : "club",
    "children" : [
      {
        "name" : "alphabit",
        "_id" : "187436"
      },
      {
        "name" : "ingeniums" ,
        "_id" : "3652901"
      }
    ]
  }
]
